<?xml version="1.0" encoding="UTF-8"?>

<document repository="default" id="CmPr_Task200">
  <system>
    <type>RouteNode</type>
    <path>wf_CmPr/CmPr_Task200</path>
    <lifecycle-state>validated</lifecycle-state>
    <lifecycle-policy>documentRouteElement</lifecycle-policy>
    <facet>facet-var_CmPr_Task200</facet>
    <access-control/>
  </system>
  <schema xmlns:dc="http://www.nuxeo.org/ecm/schemas/dublincore/" name="dublincore">
    <dc:creator/>
    <dc:source/>
    <dc:nature/>
    <dc:contributors/>
    <dc:created/>
    <dc:description><![CDATA[Validate the Problem Report]]></dc:description>
    <dc:rights/>
    <dc:subjects/>
    <dc:publisher/>
    <dc:valid/>
    <dc:format/>
    <dc:issued/>
    <dc:modified/>
    <dc:language/>
    <dc:coverage/>
    <dc:expired/>
    <dc:lastContributor/>
    <dc:title><![CDATA[Validate]]></dc:title>
  </schema>
  <schema xmlns:var_CmPr_Task200="http://www.nuxeo.org/ecm/project/schemas/var_CmPr_Task200" name="var_CmPr_Task200">
  </schema>
  <schema xmlns:common="http://www.nuxeo.org/ecm/schemas/common/" name="common">
    <common:icon/>
    <common:icon-expanded/>
    <common:size/>
  </schema>
  <schema xmlns:rnode="http://www.nuxeo.org/ecm/schemas/route_node/" name="route_node">
    <rnode:lastActor/>
    <rnode:canceled/>
    <rnode:taskLayout><![CDATA[CmPr_Task200@taskLayout]]></rnode:taskLayout>
    <rnode:taskButtons>
      <button>
        <name><![CDATA[CmPr_Task200_btn_accept]]></name>
        <label><![CDATA[Accept]]></label>
        <filter><![CDATA[]]></filter>
      </button>
      <button>
        <name><![CDATA[CmPr_Task200_btn_reject]]></name>
        <label><![CDATA[Reject]]></label>
        <filter><![CDATA[]]></filter>
      </button>
      <button>
        <name><![CDATA[CmPr_Task200_btn_outmanaged]]></name>
        <label><![CDATA[Managed out of Elora]]></label>
        <filter><![CDATA[]]></filter>
      </button>
    </rnode:taskButtons>
    <rnode:executeOnlyFirstTransition><![CDATA[false]]></rnode:executeOnlyFirstTransition>
    <rnode:stop><![CDATA[false]]></rnode:stop>
    <rnode:button/>
    <rnode:taskDocType><![CDATA[TaskDoc]]></rnode:taskDocType>
    <rnode:start><![CDATA[false]]></rnode:start>
    <rnode:startDate/>
    <rnode:taskNotificationTemplate><![CDATA[workflowTaskAssigned]]></rnode:taskNotificationTemplate>
    <rnode:transitions>
      <transition>
        <chain><![CDATA[]]></chain>
        <condition><![CDATA[NodeVariables["button"] =="CmPr_Task200_btn_accept"]]></condition>
        <name><![CDATA[CmPr_Task200_tran_accept]]></name>
        <targetId><![CDATA[CmPr_Task999StopAccepted]]></targetId>
        <label><![CDATA[accept]]></label>
      </transition>
      <transition>
        <chain><![CDATA[]]></chain>
        <condition><![CDATA[NodeVariables["button"] =="CmPr_Task200_btn_reject"]]></condition>
        <name><![CDATA[CmPr_Task200_tran_reject]]></name>
        <targetId><![CDATA[CmPr_Task999StopRejected]]></targetId>
        <label><![CDATA[to reject]]></label>
      </transition>
      <transition>
        <chain><![CDATA[]]></chain>
        <condition><![CDATA[NodeVariables["button"] =="CmPr_Task200_btn_outmanaged"]]></condition>
        <name><![CDATA[CmPr_Task200_tran_outmanaged]]></name>
        <targetId><![CDATA[CmPr_Task999StopOutManaged]]></targetId>
        <label><![CDATA[out managed]]></label>
      </transition>
    </rnode:transitions>
    <rnode:nodeId><![CDATA[CmPr_Task200]]></rnode:nodeId>
    <rnode:hasMultipleTasks><![CDATA[false]]></rnode:hasMultipleTasks>
    <rnode:outputChain><![CDATA[]]></rnode:outputChain>
    <rnode:merge/>
    <rnode:subRouteVariables/>
    <rnode:taskAssignees>
      <item><![CDATA[group:gCmPr_Validator]]></item>
    </rnode:taskAssignees>
    <rnode:taskAssigneesExpr/>
    <rnode:taskY><![CDATA[260]]></rnode:taskY>
    <rnode:count/>
    <rnode:taskX><![CDATA[280]]></rnode:taskX>
    <rnode:taskAssigneesPermission><![CDATA[ReadWrite]]></rnode:taskAssigneesPermission>
    <rnode:subRouteInstanceId/>
    <rnode:taskDueDateExpr/>
    <rnode:variablesFacet><![CDATA[facet-var_CmPr_Task200]]></rnode:variablesFacet>
    <rnode:tasksInfo/>
    <rnode:endDate/>
    <rnode:allowTaskReassignment><![CDATA[false]]></rnode:allowTaskReassignment>
    <rnode:taskDueDate/>
    <rnode:inputChain><![CDATA[ch_CmPr_Validate]]></rnode:inputChain>
    <rnode:taskDescription/>
    <rnode:hasTask><![CDATA[true]]></rnode:hasTask>
    <rnode:taskDirective><![CDATA[Directiva de Aknowledgement]]></rnode:taskDirective>
    <rnode:subRouteModelExpr/>
    <rnode:escalationRules/>
  </schema>
</document>
